"publication_id","subject_id"
13,59
13,54
13,35
13,36
13,56
13,53
13,33
16,42
16,63
16,38
16,55
16,44
15,40
15,50
15,45
8,52
8,48
8,57
11,39
11,41
11,58
11,60
12,46
12,47
12,61
12,51
12,43
14,49
14,34
14,62
14,64
14,37
17,65
17,66
17,68
17,69
17,67
42,74
42,180
42,185
48,78
48,107
48,138
48,97
30,163
30,199
30,215
23,188
23,198
23,178
23,98
23,136
23,209
22,192
22,86
22,179
22,196
22,101
22,123
28,208
28,182
28,160
28,139
28,173
28,143
47,211
47,212
47,200
47,167
47,154
47,107
32,171
32,105
32,95
32,175
32,124
32,214
49,149
49,75
49,194
49,174
49,151
49,162
19,147
19,155
19,84
19,104
29,122
29,146
29,83
33,183
33,117
33,162
33,73
33,47
33,92
36,113
36,91
36,90
36,93
36,47
36,110
26,162
26,107
26,130
26,205
40,204
40,166
40,186
40,107
40,70
40,116
18,186
18,109
18,127
18,148
18,191
35,158
35,114
35,218
35,85
35,73
35,172
44,134
44,96
44,161
44,88
44,210
38,190
38,108
38,129
38,72
38,103
39,217
39,126
39,131
39,137
39,115
37,195
37,206
37,157
37,80
37,142
37,153
43,140
43,184
43,111
43,150
43,76
43,89
25,119
25,141
25,202
25,99
25,106
45,203
45,133
45,107
45,135
45,71
21,125
21,79
21,71
21,165
21,112
27,164
27,81
27,168
27,82
27,207
24,118
24,201
24,219
24,216
24,176
24,193
20,213
20,77
20,197
20,132
20,73
31,177
31,121
31,152
31,100
31,102
31,94
34,106
34,87
34,73
34,120
34,189
34,187
46,159
46,156
46,144
46,145
46,70
41,181
41,169
41,170
41,128
52,239
52,224
52,242
52,227
52,222
52,241
52,245
53,94
53,64
53,223
53,221
53,225
53,232
53,238
53,228
53,234
50,237
50,231
50,230
50,220
54,236
54,235
54,244
54,243
54,226
51,229
51,246
51,240
51,233
64,269
64,299
64,274
64,224
64,290
64,304
64,281
64,287
64,241
57,248
57,282
57,269
57,288
57,295
57,307
57,304
57,267
63,298
63,286
63,276
55,238
55,252
55,285
55,296
55,277
55,306
55,271
55,268
55,263
59,269
59,253
59,257
59,307
59,304
59,249
60,250
60,297
60,272
60,262
62,254
62,34
62,64
62,258
62,300
62,279
58,224
58,266
58,251
58,63
58,247
58,300
58,301
58,256
58,307
58,289
61,283
61,293
61,231
61,260
61,302
61,278
61,275
61,291
61,255
65,284
65,259
65,303
65,270
65,305
65,273
65,294
65,261
56,292
56,264
56,265
56,280
68,314
68,265
68,322
68,319
72,324
72,326
72,308
67,333
67,311
67,309
67,336
70,250
70,280
70,334
70,323
70,335
70,329
70,328
69,330
69,338
69,337
69,318
69,321
69,309
71,313
71,331
71,310
71,320
71,325
71,339
71,332
71,315
66,316
66,327
66,312
66,317
79,386
79,408
79,238
79,56
79,373
79,412
74,392
74,364
74,405
74,369
73,344
73,224
73,393
73,356
73,407
73,241
73,398
83,361
83,378
83,409
83,400
83,362
83,348
83,385
78,224
78,357
78,401
78,410
78,389
78,241
78,371
78,372
78,349
86,355
86,238
86,159
86,375
86,221
86,395
86,306
86,228
76,402
76,363
76,283
76,411
76,370
76,388
76,379
76,343
76,374
75,367
75,381
75,107
75,366
75,382
75,251
75,351
75,345
75,360
75,399
77,356
77,252
77,285
77,403
77,414
82,340
82,224
82,397
82,354
82,376
82,241
82,384
82,359
81,224
81,269
81,394
81,406
81,387
81,241
81,304
81,368
81,380
81,353
80,309
80,333
80,391
80,347
84,350
84,377
84,352
84,383
84,413
84,358
84,396
85,224
85,390
85,404
85,365
85,241
85,342
85,346
85,341
101,224
101,488
101,457
101,236
101,491
101,241
101,480
101,467
101,458
101,463
106,487
106,501
106,238
106,470
106,221
106,245
106,475
106,228
95,454
95,297
95,422
95,466
95,334
95,323
95,328
87,452
87,461
87,453
87,479
87,434
87,502
87,429
100,224
100,329
100,433
100,495
100,416
100,241
100,459
100,427
100,421
97,430
97,462
97,265
97,250
89,318
89,319
89,417
89,312
103,269
103,435
103,477
103,451
103,304
103,431
103,464
103,424
91,469
91,307
91,415
91,252
91,439
91,221
94,465
94,437
94,482
94,493
94,418
94,446
94,273
94,241
99,63
99,64
99,498
99,329
99,494
99,232
99,476
99,471
105,455
105,485
105,503
105,265
90,309
90,468
90,490
90,442
102,440
102,438
102,428
102,473
102,307
102,450
102,420
102,460
93,456
93,285
93,307
93,499
104,34
104,266
104,478
104,425
104,426
104,300
104,474
104,497
104,445
104,443
96,486
96,356
96,159
96,499
96,375
96,481
96,238
96,483
96,306
92,452
92,316
92,417
92,423
107,316
107,449
107,432
107,419
107,492
98,282
98,484
98,448
98,444
98,307
98,496
98,159
98,489
98,472
88,34
88,436
88,251
88,247
88,447
88,300
88,441
88,500
109,508
109,504
109,509
109,516
109,514
109,513
109,507
109,515
109,505
109,520
108,224
108,510
108,511
108,506
108,512
108,241
108,521
108,518
108,519
108,517
